{
    "loss": 28.430044174194336,
    "accuracy": 0.4313725531101227
}