{
    "loss": 0.01764366403222084,
    "accuracy": 0.9901960492134094
}